iter	Logloss
0	0.5939836216
1	0.5178443072
2	0.4573846952
3	0.4088504162
4	0.3726062619
5	0.3444204326
6	0.3214071096
7	0.3036411612
8	0.2891594503
9	0.2776880515
10	0.2684801207
11	0.2611352358
