iter	Logloss
0	0.4426748114
1	0.3322188814
2	0.280085249
3	0.2531777216
4	0.23939525
5	0.2310105709
6	0.2224669868
7	0.2175370953
8	0.2136854585
9	0.210596307
10	0.2069525146
11	0.2035811933
12	0.2009716861
13	0.1978014197
14	0.1953525728
15	0.1929092009
16	0.1903679322
17	0.188516774
18	0.186653575
19	0.1849932241
20	0.1835164939
21	0.1820923297
22	0.1806318154
23	0.179291367
24	0.1775466243
