iter	Logloss
0	0.2911289998
1	0.2408993476
2	0.2222459064
3	0.20988237
4	0.2026414997
5	0.1946570979
6	0.1903871122
7	0.1854696482
8	0.181812264
9	0.1772628424
